{"base_files_url": "https://raw.githubusercontent.com/davewongillies/mister-cdrdao/87783523934a2e7aa3e7b174cdc8abc4fb502393/", "db_id": "davewongillies/mister-cdrdao", "db_url": "https://raw.githubusercontent.com/davewongillies/mister-cdrdao/db/db.json.zip", "files": {"Scripts/.config/mister-cdrdao/MegaCD.dat": {"hash": "8fad48a6e1dceae5a5748f2ae93e445c", "size": 1610539, "tags": [5, 19, 20]}, "Scripts/.config/mister-cdrdao/NeoGeo-CD.dat": {"hash": "9be74d7ae1dc01616400138256013535", "size": 700968, "tags": [19, 20, 23]}, "Scripts/.config/mister-cdrdao/PSX.dat": {"hash": "ad7efe6b63dee1a57c739abcf88b08eb", "size": 12696261, "tags": [19, 20, 25]}, "Scripts/.config/mister-cdrdao/Saturn.dat": {"hash": "ba34cfb10d12bf07a471881e1f7d854c", "size": 5868646, "tags": [19, 20, 26]}, "Scripts/.config/mister-cdrdao/TGFX16-CD.dat": {"hash": "2510beb73441384b85e43d8ee583d061", "size": 3091233, "tags": [3, 19, 20]}, "Scripts/.config/mister-cdrdao/binmerge": {"hash": "9ebdab836fa07545f76daeda5ab896e7", "size": 13133, "tags": [19, 20, 21]}, "Scripts/.config/mister-cdrdao/cdrdao": {"hash": "36aab36a7e3caf09565efe9f92933a97", "size": 5100244, "tags": [19, 20, 22]}, "Scripts/.config/mister-cdrdao/processcue.py": {"hash": "fdab90ce8518dc4891a850fba19267e1", "size": 5653, "tags": [19, 20, 24]}, "Scripts/.config/mister-cdrdao/toc2cue": {"hash": "0698a9fdc9fb506817fe80d6b1a58002", "size": 2360456, "tags": [19, 20, 27]}, "Scripts/ripdisc.sh": {"hash": "fe48cab387c7cfa9ca38eeb476948492", "size": 1434, "tags": [19, 28]}}, "folders": {"Scripts": {"tags": [19]}, "Scripts/.config": {"tags": [19]}, "Scripts/.config/mister-cdrdao": {"tags": [19]}}, "tag_dictionary": {"binmerge": 21, "cdrdao": 22, "megacd": 5, "mistercdrdao": 20, "neogeocd": 23, "pcenginecd": 3, "processcue": 24, "psx": 25, "ripdisc": 28, "saturn": 26, "scripts": 19, "segacd": 5, "tgfx16cd": 3, "toc2cue": 27, "turbografx16cd": 3, "turbografxcd": 3}, "timestamp": 1748237327}